-- insert HOC_VIEN
insert HOC_VIEN values ('HV0001', N'Nguyễn Văn Một', 2004, N'Nam', N'Quận 8', '0994939411', 'mot123@gmail.com')
insert HOC_VIEN values ('HV0002', N'Lê Thị Hai', 2005, N'Nữ', N'Quận 7', '0399499422', 'hai123@gmail.com')
insert HOC_VIEN values ('HV0003', N'Quách Ba', 2005, N'Nam', N'Quận 5', '0394929933', 'ba123@gmail.com')
insert HOC_VIEN values ('HV0004', N'Nguyễn Hoài An', 2003, N'Nữ', N'Quận 11', '0123456789', 'bon123@gmail.com')
insert HOC_VIEN values ('HV0005', N'Trần Thế Vinh', 2002, N'Nam', N'Quận 9', '0123456779', 'nam123@gmail.com')
insert HOC_VIEN values ('HV0006', N'Võ Trần Trung Quân', 2001, N'Nam', N'Quận 11', '0125456779', 'sau123@gmail.com')
insert HOC_VIEN values ('HV0007', N'Phạm Văn Tuấn', 2004, N'Nam', N'Quận 6', '0125456779', 'bay123@gmail.com')
insert HOC_VIEN values ('HV0008', N'Phạm Thế Vinh', 2005, N'Nam', N'Quận 7', '0125456782', 'tam123@gmail.com')
insert HOC_VIEN values ('HV0009', N'Phạm Đình Thanh', 1999, N'Nam', N'Quận 8', '0125456731', 'chin123@gmail.com')
insert HOC_VIEN values ('HV0010', N'Phạm Tuấn Khởi', 1998, N'Nam', N'Quận 9', '0125446782', 'muoi123@gmail.com')
insert HOC_VIEN values ('HV0011', N'Lê Anh Khoa', 1999, N'Nam', N'Quận 10', '0125446783', 'mot1234@gmail.com')
insert HOC_VIEN values ('HV0012', N'Trần Ngọc Hoa', 2000, N'Nữ', N'Quận 11', '0125446784', 'hai1234@gmail.com')
insert HOC_VIEN values ('HV0013', N'Phạm Mỹ Hoa', 2001, N'Nữ', N'Thủ Đức', '0125446785', 'ba1234@gmail.com')
insert HOC_VIEN values ('HV0014', N'Phan Anh Tuấn', 2000, N'Nam', N'Phú Nhuận', '0125446786', 'bon1234@gmail.com')
insert HOC_VIEN values ('HV0015', N'Trần Diệu My', 2001, N'Nữ', N'Tân Bình', '0125446787', 'nam1234@gmail.com')
insert HOC_VIEN values ('HV0016', N'Phạm Đình Công', 2002, N'Nam', N'Quận 11', '0125446788', 'sau1234@gmail.com')
insert HOC_VIEN values ('HV0017', N'Nguyễn Trung Kiên', 2003, N'Nam', N'Quận 8', '0125446789', 'bay1234@gmail.com')
insert HOC_VIEN values ('HV0018', N'Hồ Chí Cường', 1998, N'Nam', N'Tân Bình', '0125446790', 'tam1234@gmail.com')
insert HOC_VIEN values ('HV0019', N'Trần Thanh Mai', 2002, N'Nữ', N'Tân Bình', '0125446791', 'chin1234@gmail.com')
insert HOC_VIEN values ('HV0020', N'Mai Cẩm Tiên', 2001, N'Nữ', N'Gò Vấp', '0125446792', 'muoi1234@gmail.com')


-- insert GIAO_VIEN
insert GIAO_VIEN values ('GV01', N'Phạm Bằng', 1997, N'Nam', N'Quận 7', '09949394', 'gv01@gmail.com', 7.5, 7000)
insert GIAO_VIEN values ('GV02', N'Phạm Khác', 1987, N'Nam', N'Quận 1', '03994994', 'gv02@gmail.com', 8, 8000)
insert GIAO_VIEN values ('GV03', N'Trần Chung', 1988, N'Nam', N'Bình Chánh', '03949299', 'gv03@gmail.com', 8.5, 9500)
insert GIAO_VIEN values ('GV04', N'Nguyễn Trần Thế Anh', 1999, N'Nam', N'Quận 5', '08237454', 'gv04@gmail.com', 8, 10000)

-- insert KHOA_HOC
insert KHOA_HOC values ('KH01',N'IELTS',N'0 - 4.0',N'5.5+',10000)
insert KHOA_HOC values ('KH02',N'IELTS',N'4.0 - 5.0',N'6.5+',13000)
insert KHOA_HOC values ('KH03',N'IELTS',N'5.5 - 6.0',N'7.5+',20000)
insert KHOA_HOC values ('KH04',N'TOEIC 2 KỸ NĂNG',N'0 - 450',N'600+',6000)
insert KHOA_HOC values ('KH05',N'TOEIC 2 KỸ NĂNG',N'500 - 700',N'800+',8000)
insert KHOA_HOC values ('KH06',N'GIAO TIẾP',N'0 - 3.0',N'5.0+',6000)
insert KHOA_HOC values ('KH07',N'GIAO TIẾP',N'3.0 - 5.0',N'6.0+',9000)
insert KHOA_HOC values ('KH08',N'TOEIC 4 KỸ NĂNG',N'0 - 450',N'600+',8000)
insert KHOA_HOC values ('KH09',N'TOEIC 4 KỸ NĂNG',N'500 - 700',N'800+',11000)

-- insert DANG_KY
insert DANG_KY values ('HV0001', 'KH01')
insert DANG_KY values ('HV0002', 'KH01')
insert DANG_KY values ('HV0003', 'KH01')
insert DANG_KY values ('HV0004', 'KH01')
insert DANG_KY values ('HV0005', 'KH01')
insert DANG_KY values ('HV0006', 'KH05')
insert DANG_KY values ('HV0007', 'KH05')
insert DANG_KY values ('HV0008', 'KH05')
insert DANG_KY values ('HV0009', 'KH05')
insert DANG_KY values ('HV0010', 'KH05')
insert DANG_KY values ('HV0011', 'KH08')
insert DANG_KY values ('HV0012', 'KH08')
insert DANG_KY values ('HV0013', 'KH08')
insert DANG_KY values ('HV0014', 'KH08')
insert DANG_KY values ('HV0015', 'KH08')
insert DANG_KY values ('HV0016', 'KH04')
insert DANG_KY values ('HV0017', 'KH04')
insert DANG_KY values ('HV0018', 'KH04')
insert DANG_KY values ('HV0019', 'KH04')
insert DANG_KY values ('HV0020', 'KH04')

-- insert LOP_HOC
insert LOP_HOC values ('LH001', N'IELTS 5.5+', 'KH01', 'GV01', '20220905', '20221120')
insert LOP_HOC values ('LH002', N'GIAO TIẾP 6.0+', 'KH05', 'GV03', '20230715', '20230929')
insert LOP_HOC values ('LH003', N'TOEIC 4 KỸ NĂNG 600+', 'KH08', 'GV02', '20230906', '20231121')
insert LOP_HOC values ('LH004', N'TOEIC 2 KỸ NĂNG 600+', 'KH04', 'GV04', '20231002', '20231217')

-- insert LICH
insert LICH values ('Mon', N'Thứ Hai')
insert LICH values ('Tue', N'Thứ Ba')
insert LICH values ('Wed', N'Thứ Tư')
insert LICH values ('Thu', N'Thứ Năm')
insert LICH values ('Fri', N'Thứ Sáu')
insert LICH values ('Sat', N'Thứ Bảy')
insert LICH values ('Sun', N'Chủ nhật')

-- insert CA
insert CA values ('CA1','7h30','9h')
insert CA values ('CA2','16h','17h30')
insert CA values ('CA3','18h','19h30')
insert CA values ('CA4','20h','21h30')

-- insert PHONG
insert PHONG values ('PH01','101')
insert PHONG values ('PH02','102')
insert PHONG values ('PH03','103')
insert PHONG values ('PH04','201')
insert PHONG values ('PH05','202')
insert PHONG values ('PH06','203')
insert PHONG values ('PH07','301')
insert PHONG values ('PH08','302')
insert PHONG values ('PH09','303')
insert PHONG values ('PH10','401')
insert PHONG values ('PH11','402')
insert PHONG values ('PH12','403')

-- insert NGAY_CA
insert NGAY_CA values ('NC01', 'Mon', 'CA1')
insert NGAY_CA values ('NC02', 'Wed', 'CA3')
insert NGAY_CA values ('NC03', 'Fri', 'CA1')
insert NGAY_CA values ('NC04', 'Wed', 'CA4')
insert NGAY_CA values ('NC05', 'Sun', 'CA3')

-- insert PHONG_NGAY_CA
insert PHONG_NGAY_CA values ('NC01', 'PH01', 'LH001')
insert PHONG_NGAY_CA values ('NC02', 'PH01', 'LH001')
insert PHONG_NGAY_CA values ('NC03', 'PH03', 'LH001')
insert PHONG_NGAY_CA values ('NC01', 'PH02', 'LH002')
insert PHONG_NGAY_CA values ('NC05', 'PH01', 'LH002')
insert PHONG_NGAY_CA values ('NC04', 'PH02', 'LH002')
insert PHONG_NGAY_CA values ('NC03', 'PH05', 'LH003')
insert PHONG_NGAY_CA values ('NC04', 'PH06', 'LH003')
insert PHONG_NGAY_CA values ('NC05', 'PH07', 'LH003')
insert PHONG_NGAY_CA values ('NC01', 'PH08', 'LH004')
insert PHONG_NGAY_CA values ('NC05', 'PH09', 'LH004')
insert PHONG_NGAY_CA values ('NC03', 'PH10', 'LH004')


-- insert KQHT
insert KQHT values ('HV0001', 'LH001', 4, 1, '20220905')
insert KQHT values ('HV0002', 'LH001', 3, 2, '20220908')
insert KQHT values ('HV0003', 'LH001', 8, 1, '20220905')
insert KQHT values ('HV0004', 'LH001', 9, 1, '20220905')
insert KQHT values ('HV0005', 'LH001', 7, 0, '20220905')
insert KQHT values ('HV0006', 'LH002', 6, 0, '20230715')
insert KQHT values ('HV0007', 'LH002', 9, 0, '20230715')
insert KQHT values ('HV0008', 'LH002', 8, 0, '20230715')
insert KQHT values ('HV0009', 'LH002', 2, 3, '20230715')
insert KQHT values ('HV0010', 'LH002', 7, 0, '20230715')
insert KQHT values ('HV0011', 'LH003', null, 0, '20230906')
insert KQHT values ('HV0012', 'LH003', null, 0, '20230906')
insert KQHT values ('HV0013', 'LH003', null, 0, '20230906')
insert KQHT values ('HV0014', 'LH003', null, 0, '20230908')
insert KQHT values ('HV0015', 'LH003', null, 0, '20230906')
insert KQHT values ('HV0016', 'LH004', null, 0, '20231002')
insert KQHT values ('HV0017', 'LH004', null, 0, '20231002')
insert KQHT values ('HV0018', 'LH004', null, 0, '20231002')
insert KQHT values ('HV0019', 'LH004', null, 0, '20231002')
insert KQHT values ('HV0020', 'LH004', null, 0, '20231002')
